Fecha,Hora,Temperatura (Â°C),Humedad (%)
2025-10-09,14:39:41,24.0,48.7
2025-10-09,14:39:43,24.0,48.7
2025-10-09,14:39:45,24.0,48.7
2025-10-09,14:39:47,24.0,48.7
2025-10-09,14:39:49,24.0,48.7
2025-10-09,14:39:51,24.0,48.6
2025-10-09,14:39:53,24.0,48.6
2025-10-09,14:39:55,24.0,48.5
2025-10-09,14:39:57,24.0,48.4
2025-10-09,14:39:59,24.0,48.4
2025-10-09,14:40:01,24.0,48.5
2025-10-09,14:40:03,24.0,48.5
2025-10-09,14:40:05,24.1,48.5
2025-10-09,14:40:07,24.1,48.4
2025-10-09,14:40:09,24.1,48.4
2025-10-09,14:40:11,24.1,48.4
2025-10-09,14:40:13,24.1,48.3
2025-10-09,14:40:15,24.1,48.4
2025-10-09,14:40:17,24.1,48.4
2025-10-09,14:40:19,24.1,48.4
2025-10-09,14:40:21,24.1,48.4
2025-10-09,14:40:23,24.1,48.4
2025-10-09,14:40:25,24.1,48.4
2025-10-09,14:40:27,24.1,48.4
2025-10-09,14:40:29,24.2,48.4
2025-10-09,14:40:31,24.2,48.3
2025-10-09,14:40:33,24.2,48.3
2025-10-09,14:40:35,24.2,48.3
2025-10-09,14:40:37,24.2,48.2
2025-10-09,14:40:39,24.2,48.2
2025-10-09,14:40:41,24.2,48.2
2025-10-09,14:40:43,24.2,48.2
2025-10-09,14:40:45,24.2,48.2
2025-10-09,14:40:47,24.2,48.2
2025-10-09,14:40:49,24.2,48.2
2025-10-09,14:40:51,24.2,48.2
2025-10-09,14:40:53,24.2,48.2
2025-10-09,14:40:55,24.2,48.2
2025-10-09,14:40:57,24.2,48.2
2025-10-09,14:40:59,24.3,48.2
2025-10-09,14:41:01,24.3,48.2
2025-10-09,14:41:03,24.3,48.2
2025-10-09,14:41:05,24.3,48.2
2025-10-09,14:41:07,24.3,48.2
2025-10-09,14:41:09,24.3,48.2
2025-10-09,14:41:11,24.3,48.2
2025-10-09,14:41:13,24.3,48.2
2025-10-09,14:41:15,24.3,48.2
2025-10-09,14:41:17,24.3,48.1
2025-10-09,14:41:19,24.3,48.1
2025-10-09,14:41:21,24.3,48.1
2025-10-09,14:41:23,24.3,48.1
2025-10-09,14:41:25,24.3,48.1
2025-10-09,14:41:27,24.3,48.1
2025-10-09,14:41:29,24.3,48.1
2025-10-09,14:41:31,24.3,48.1
2025-10-09,14:41:33,24.3,48.1
2025-10-09,14:41:35,24.4,48.1
2025-10-09,14:41:37,24.4,48.2
2025-10-09,14:41:39,24.4,48.2
2025-10-09,14:41:41,24.4,48.1
2025-10-09,14:41:43,24.4,48.8
2025-10-09,14:41:45,24.4,53.4
2025-10-09,14:41:47,24.4,58.6
2025-10-09,14:41:49,24.9,70.3
2025-10-09,14:41:51,25.4,77.8
2025-10-09,14:41:53,26.3,86.8
2025-10-09,14:41:55,27.1,97.3
2025-10-09,14:42:04,27.9,99.9
2025-10-09,14:42:04,28.5,99.9
2025-10-09,14:42:04,29.0,99.9
2025-10-09,14:42:04,29.5,99.9
2025-10-09,14:42:05,29.9,99.9
2025-10-09,14:42:07,30.1,99.9
2025-10-09,14:42:09,30.4,99.9
2025-10-09,14:42:12,30.7,99.9
2025-10-09,14:42:14,30.9,99.9
2025-10-09,14:42:16,31.2,99.9
2025-10-09,14:42:18,31.6,99.9
2025-10-09,14:42:20,31.9,99.9
2025-10-09,14:42:22,32.0,99.9
2025-10-09,14:42:24,32.3,99.9
2025-10-09,14:42:26,32.4,99.9
2025-10-09,14:42:28,32.6,99.9
2025-10-09,14:42:30,32.7,99.9
2025-10-09,14:42:31,32.7,99.9
2025-10-09,14:42:33,32.8,99.9
2025-10-09,14:42:35,32.8,99.9
2025-10-09,14:42:37,32.9,99.9
2025-10-09,14:42:39,33.0,99.9
2025-10-09,14:42:41,33.1,99.9
2025-10-09,14:42:43,33.2,99.9
2025-10-09,14:42:45,33.3,99.9
2025-10-09,14:42:47,33.4,99.9
2025-10-09,14:42:49,33.4,99.9
2025-10-09,14:42:52,33.5,99.9
2025-10-09,14:42:54,33.6,99.9
2025-10-09,14:42:56,33.6,99.9
2025-10-09,14:42:58,33.7,99.9
2025-10-09,14:43:00,33.7,99.9
2025-10-09,14:43:02,33.7,99.9
2025-10-09,14:43:04,33.7,99.9
2025-10-09,14:43:05,33.7,99.9
2025-10-09,14:43:07,33.7,99.9
2025-10-09,14:43:10,33.6,99.9
2025-10-09,14:43:11,33.5,99.9
2025-10-09,14:43:13,33.4,99.9
2025-10-09,14:43:15,33.2,99.9
2025-10-09,14:43:18,33.1,97.8
2025-10-09,14:43:19,32.9,95.5
2025-10-09,14:43:21,32.7,95.1
2025-10-09,14:43:25,32.6,95.0
2025-10-09,14:43:25,32.4,94.9
2025-10-09,14:43:27,32.3,94.8
2025-10-09,14:43:29,32.1,94.7
2025-10-09,14:43:31,31.9,94.6
2025-10-09,14:43:33,31.8,94.5
2025-10-09,14:43:35,31.6,94.3
2025-10-09,14:43:37,31.5,94.2
2025-10-09,14:43:39,31.3,94.1
2025-10-09,14:43:41,31.2,94.0
2025-10-09,14:43:43,31.0,93.9
2025-10-09,14:43:45,30.9,93.8
2025-10-09,14:43:47,30.7,93.6
2025-10-09,14:43:49,30.6,93.5
2025-10-09,14:43:51,30.5,93.3
2025-10-09,14:43:53,30.4,93.2
2025-10-09,14:43:55,30.3,93.1
2025-10-09,14:43:57,30.2,93.0
2025-10-09,14:43:59,30.1,92.8
2025-10-09,14:44:01,30.0,92.7
2025-10-09,14:44:03,29.9,92.5
2025-10-09,14:44:05,29.8,92.3
2025-10-09,14:44:07,29.7,92.1
2025-10-09,14:44:09,29.6,91.9
2025-10-09,14:44:11,29.6,91.7
2025-10-09,14:44:13,29.5,91.5
2025-10-09,14:44:15,29.4,91.2
2025-10-09,14:44:17,29.4,91.0
2025-10-09,14:44:19,29.3,90.6
2025-10-09,14:44:21,29.2,89.9
2025-10-09,14:44:23,29.2,89.2
2025-10-09,14:44:25,29.1,88.4
2025-10-09,14:44:27,29.1,87.6
2025-10-09,14:44:29,29.0,86.9
2025-10-09,14:44:31,29.0,86.0
2025-10-09,14:44:33,28.9,85.2
2025-10-09,14:44:35,28.9,84.4
2025-10-09,14:44:37,28.8,83.5
2025-10-09,14:44:39,28.8,82.7
2025-10-09,14:44:41,28.7,81.9
2025-10-09,14:44:43,28.7,81.0
2025-10-09,14:44:45,28.7,80.0
2025-10-09,14:44:47,28.6,79.1
2025-10-09,14:44:49,28.6,78.5
2025-10-09,14:44:52,28.5,78.1
2025-10-09,15:35:55,25.2,44.2
2025-10-09,15:35:57,25.2,44.1
2025-10-09,15:35:59,25.2,44.2
2025-10-09,15:36:01,25.3,44.1
2025-10-09,15:36:03,25.2,44.2
2025-10-09,15:36:05,25.3,44.1
2025-10-09,15:36:07,25.2,44.0
2025-10-09,15:36:09,25.3,43.8
2025-10-09,15:36:11,25.2,43.8
2025-10-09,15:36:13,25.2,43.6
2025-10-09,15:36:15,25.2,43.6
2025-10-09,15:36:17,25.3,43.6
2025-10-09,15:36:19,25.3,43.7
2025-10-09,15:36:22,25.3,43.9
2025-10-09,15:36:24,25.3,44.0
2025-10-09,15:36:26,25.3,44.2
2025-10-09,15:36:28,25.3,44.3
2025-10-09,15:36:30,25.3,44.4
2025-10-09,15:36:32,25.3,44.4
2025-10-09,15:36:34,25.3,44.4
2025-10-09,15:36:36,25.3,44.4
2025-10-09,15:36:38,25.3,44.4
2025-10-09,15:36:40,25.3,44.4
2025-10-09,15:36:42,25.3,44.3
2025-10-09,15:36:44,25.3,44.2
2025-10-09,15:36:46,25.3,44.1
2025-10-09,15:36:48,25.3,44.0
2025-10-09,15:36:49,25.3,43.9
2025-10-09,15:36:51,25.3,43.8
2025-10-09,15:36:53,25.3,43.8
2025-10-09,15:36:55,25.3,43.7
2025-10-09,15:36:57,25.3,43.6
2025-10-09,15:36:59,25.3,43.5
2025-10-09,15:37:01,25.3,43.4
2025-10-09,15:37:03,25.3,43.3
2025-10-09,15:37:05,25.3,43.3
2025-10-09,15:37:08,25.3,43.2
2025-10-09,15:37:10,25.3,43.2
2025-10-09,15:37:12,25.3,43.1
2025-10-09,15:37:14,25.3,43.0
2025-10-09,15:37:16,25.3,43.0
2025-10-09,15:37:18,25.3,43.0
2025-10-09,15:37:20,25.3,42.9
2025-10-09,15:37:22,25.3,42.9
2025-10-09,15:37:24,25.3,42.9
2025-10-09,15:37:26,25.3,42.8
2025-10-09,15:37:28,25.3,42.7
2025-10-09,15:37:30,25.3,42.8
2025-10-09,15:37:32,25.3,42.8
2025-10-09,15:37:34,25.3,42.8
2025-10-09,15:37:36,25.3,42.9
2025-10-09,15:37:38,25.3,42.9
2025-10-09,15:37:40,25.3,42.9
2025-10-09,15:37:42,25.3,42.9
2025-10-09,15:37:44,25.3,42.7
2025-10-09,15:37:46,25.3,42.6
2025-10-09,15:37:49,25.3,42.4
2025-10-09,15:37:50,25.3,42.4
2025-10-09,15:37:52,25.3,42.2
2025-10-09,15:37:54,25.3,42.1
2025-10-09,15:37:56,25.3,42.0
2025-10-09,15:37:58,25.3,41.8
2025-10-09,15:38:00,25.3,41.8
2025-10-09,15:38:02,25.3,41.7
2025-10-09,15:38:04,25.3,41.7
2025-10-09,15:38:41,25.3,41.7
2025-10-09,15:39:41,25.3,41.7
2025-10-09,15:40:41,25.3,41.8
2025-10-09,15:41:53,25.3,44.0
2025-10-09,15:41:55,25.3,44.0
2025-10-09,15:41:57,25.3,44.1
2025-10-09,15:41:59,25.3,44.0
2025-10-09,15:42:01,25.3,44.2
2025-10-09,15:42:03,25.3,44.3
2025-10-09,15:42:05,25.3,44.3
2025-10-09,15:42:07,25.3,44.3
2025-10-09,15:42:10,25.3,44.2
2025-10-09,15:42:12,25.3,44.2
2025-10-09,15:42:14,25.3,44.2
2025-10-09,15:42:16,25.3,44.3
2025-10-09,15:42:18,25.3,44.3
2025-10-09,15:42:20,25.3,44.3
2025-10-09,15:42:22,25.3,44.4
2025-10-09,15:42:24,25.3,44.4
2025-10-09,15:42:26,25.3,44.4
2025-10-09,15:42:28,25.3,44.5
2025-10-09,15:42:30,25.3,44.5
2025-10-09,15:42:32,25.3,44.5
2025-10-09,15:42:34,25.3,44.5
2025-10-09,15:42:36,25.3,44.4
2025-10-09,15:42:38,25.3,44.4
2025-10-09,15:42:40,25.3,44.4
2025-10-09,15:42:41,25.3,44.4
2025-10-09,15:42:42,25.3,44.4
2025-10-09,15:42:44,25.3,44.4
2025-10-09,15:42:46,25.3,44.5
2025-10-09,15:42:48,25.3,44.5
2025-10-09,15:42:50,25.3,44.6
2025-10-09,15:42:52,25.3,44.6
2025-10-09,15:42:54,25.3,44.7
2025-10-09,15:42:56,25.3,44.7
2025-10-09,15:42:58,25.3,44.7
2025-10-09,15:43:00,25.3,44.7
2025-10-09,15:43:02,25.3,44.8
2025-10-09,15:43:04,25.3,44.7
2025-10-09,15:43:06,25.3,44.6
2025-10-09,15:43:24,25.3,44.6
2025-10-09,15:43:25,25.3,44.5
2025-10-09,15:43:27,25.3,44.5
2025-10-09,15:43:29,25.3,44.4
2025-10-09,15:43:32,25.3,44.3
2025-10-09,15:43:34,25.3,44.4
2025-10-09,15:43:36,25.3,44.3
2025-10-09,15:43:38,25.3,44.4
2025-10-09,15:43:40,25.3,44.4
2025-10-09,15:43:41,25.3,44.5
2025-10-09,15:43:42,25.3,44.4
2025-10-09,15:43:44,25.3,44.4
2025-10-09,15:43:46,25.3,44.3
2025-10-09,15:43:48,25.3,44.4
2025-10-09,15:43:50,25.3,44.5
2025-10-09,15:43:52,25.3,44.6
2025-10-09,15:43:54,25.3,44.6
2025-10-09,15:43:56,25.3,44.6
2025-10-09,15:44:41,25.3,44.8
2025-10-09,15:44:42,25.3,44.7
2025-10-09,15:44:48,25.3,44.8
2025-10-09,15:44:50,25.3,44.7
2025-10-09,15:44:50,25.3,44.8
2025-10-09,15:44:52,25.3,44.8
2025-10-09,15:44:58,25.3,44.7
2025-10-09,15:45:00,25.3,44.8
2025-10-09,15:45:02,25.3,44.8
2025-10-09,15:45:04,25.3,44.9
2025-10-09,15:45:06,25.3,44.9
2025-10-09,15:45:08,25.3,44.9
2025-10-09,15:45:10,25.3,44.8
2025-10-09,15:45:12,25.3,44.8
2025-10-09,15:45:14,25.3,44.8
2025-10-09,15:45:16,25.3,44.8
2025-10-09,15:45:18,25.3,44.8
2025-10-09,15:45:20,25.3,44.8
2025-10-09,15:45:30,25.3,44.8
2025-10-09,15:45:32,25.3,44.9
2025-10-09,15:45:34,25.3,44.9
2025-10-09,16:16:42,25.2,40.0
2025-10-09,16:16:44,25.2,40.0
2025-10-09,16:16:46,25.2,40.0
2025-10-09,16:16:48,25.2,39.9
2025-10-09,16:16:50,25.2,39.9
2025-10-09,16:16:52,25.2,40.1
2025-10-09,16:16:54,25.2,40.4
2025-10-09,16:16:56,25.2,40.8
2025-10-09,16:16:58,25.2,41.0
2025-10-09,16:17:00,25.2,41.2
2025-10-09,16:17:02,25.2,41.3
2025-10-09,16:17:04,25.2,41.5
2025-10-09,16:17:06,25.2,41.6
2025-10-09,16:17:08,25.2,41.8
2025-10-09,16:17:10,25.2,41.9
2025-10-09,16:17:12,25.2,42.0
2025-10-09,16:17:14,25.2,42.1
2025-10-09,16:17:16,25.2,42.0
2025-10-09,16:17:18,25.2,42.0
2025-10-09,16:17:20,25.2,42.2
2025-10-09,16:17:23,25.2,42.2
2025-10-09,16:17:25,25.2,42.4
2025-10-09,16:21:09,25.4,41.5
2025-10-09,16:21:11,25.4,41.4
2025-10-09,16:21:13,25.4,41.4
2025-10-09,16:21:15,25.4,41.3
2025-10-09,16:21:17,25.4,41.3
2025-10-09,16:21:20,25.4,41.3
2025-10-09,16:21:22,25.4,41.3
2025-10-09,16:21:24,25.4,41.3
2025-10-09,16:21:26,25.4,41.1
2025-10-09,16:21:28,25.4,41.1
2025-10-09,16:21:30,25.4,40.9
2025-10-09,16:21:32,25.4,40.8
2025-10-09,16:37:23,25.5,39.5
2025-10-09,16:37:25,25.5,39.5
2025-10-09,16:37:27,25.5,39.6
2025-10-09,16:37:29,25.6,39.6
2025-10-09,16:37:31,25.6,39.7
2025-10-09,16:37:33,25.6,39.7
2025-10-09,16:37:35,25.6,39.7
2025-10-09,16:37:37,25.6,39.6
2025-10-09,16:37:39,25.5,39.6
2025-10-09,16:37:41,25.6,39.6
2025-10-09,16:37:43,25.5,39.6
2025-10-09,16:37:45,25.5,39.6
2025-10-09,16:37:47,25.6,39.8
2025-10-09,16:37:49,25.5,40.0
2025-10-09,16:37:51,25.5,40.0
2025-10-09,16:37:53,25.5,40.0
2025-10-09,16:37:55,25.6,39.9
2025-10-09,16:37:58,25.5,39.9
2025-10-09,16:38:00,25.6,39.9
2025-10-09,16:38:02,25.6,39.9
2025-10-09,16:38:04,25.6,39.9
2025-10-09,16:38:06,25.6,39.8
2025-10-09,16:38:08,25.6,39.8
2025-10-09,16:38:10,25.6,39.7
2025-10-09,16:38:12,25.6,39.7
2025-10-09,16:38:14,25.6,39.6
2025-10-09,16:38:16,25.6,39.6
2025-10-09,16:38:18,25.6,39.6
2025-10-09,16:38:20,25.6,39.5
2025-10-09,16:38:22,25.6,39.5
2025-10-09,16:38:24,25.6,39.5
2025-10-09,16:38:26,25.6,39.5
2025-10-09,16:38:28,25.6,39.5
2025-10-09,16:38:30,25.6,39.4
2025-10-09,16:38:32,25.6,39.3
2025-10-09,16:38:34,25.6,39.3
2025-10-09,16:38:36,25.6,39.3
2025-10-09,16:38:38,25.6,39.3
2025-10-09,16:38:40,25.6,39.3
2025-10-09,16:38:42,25.6,39.2
2025-10-09,16:38:44,25.6,39.1
2025-10-09,16:38:46,25.6,39.1
2025-10-09,16:38:48,25.6,39.2
2025-10-09,16:38:50,25.6,39.3
2025-10-09,16:38:52,25.5,39.3
2025-10-09,16:38:54,25.6,39.4
2025-10-09,16:38:56,25.6,39.6
2025-10-09,16:39:07,25.5,39.7
2025-10-09,16:39:09,25.6,39.8
2025-10-09,16:39:11,25.5,39.9
2025-10-09,16:39:13,25.5,39.8
2025-10-09,16:39:16,25.6,39.9
2025-10-09,16:39:18,25.6,40.1
2025-10-09,16:39:20,25.5,40.1
2025-10-09,16:39:22,25.5,40.1
2025-10-09,16:39:24,25.6,40.0
2025-10-09,16:39:26,25.5,39.8
2025-10-09,16:39:28,25.5,39.7
2025-10-09,16:39:30,25.6,39.7
2025-10-09,16:39:32,25.6,39.6
2025-10-09,16:39:34,25.6,39.5
2025-10-09,16:39:36,25.6,39.5
2025-10-09,16:39:38,25.6,39.5
2025-10-09,16:39:40,25.6,39.4
2025-10-09,16:39:42,25.6,39.3
2025-10-09,16:39:44,25.5,39.3
2025-10-09,16:39:46,25.6,39.3
2025-10-09,16:39:48,25.6,39.3
2025-10-09,16:39:50,25.6,39.3
2025-10-09,16:39:52,25.6,39.3
2025-10-09,16:39:54,25.6,39.4
2025-10-09,16:39:56,25.6,39.3
2025-10-09,16:39:58,25.6,39.3
2025-10-09,16:40:00,25.6,39.4
2025-10-09,16:40:02,25.6,39.4
2025-10-09,16:40:04,25.6,39.5
2025-10-09,16:40:06,25.5,39.5
2025-10-09,16:40:08,25.6,39.5
2025-10-09,16:40:10,25.5,39.6
2025-10-09,16:40:12,25.6,39.5
2025-10-09,16:40:14,25.6,39.5
2025-10-09,16:40:41,25.6,39.5
2025-10-09,16:41:41,25.6,39.5
2025-10-09,16:42:41,25.6,39.5
2025-10-09,16:43:41,25.6,39.4
2025-10-09,16:45:41,25.7,39.5
2025-10-09,16:45:47,25.7,39.5
2025-10-09,16:45:49,25.7,39.5
2025-10-09,16:45:51,25.7,39.5
2025-10-09,16:45:54,25.7,39.5
2025-10-09,16:45:56,25.7,39.5
2025-10-09,16:45:58,25.7,39.5
2025-10-09,16:46:00,25.7,39.5
2025-10-09,16:46:02,25.7,39.5
2025-10-09,16:46:04,25.7,39.5
2025-10-09,16:46:05,25.7,39.5
2025-10-09,16:46:18,25.7,39.5
2025-10-09,16:46:20,25.7,39.6
2025-10-09,16:50:26,25.8,38.8
2025-10-09,16:50:28,25.8,38.8
2025-10-09,16:50:30,25.8,38.8
2025-10-09,16:50:32,25.8,38.8
2025-10-09,16:50:34,25.8,38.8
2025-10-09,16:50:36,25.8,38.8
2025-10-09,16:50:38,25.8,38.9
2025-10-09,16:50:40,25.8,38.9
2025-10-09,16:50:42,25.8,38.9
2025-10-09,16:50:44,25.8,38.9
2025-10-09,16:50:46,25.8,38.9
2025-10-09,16:50:48,25.8,38.9
2025-10-09,16:50:50,25.8,38.9
2025-10-09,16:50:52,25.8,38.9
2025-10-09,16:50:54,25.8,39.0
2025-10-09,16:50:56,25.8,39.0
2025-10-09,16:50:58,25.8,39.0
2025-10-09,16:51:00,25.8,39.0
2025-10-09,16:51:02,25.8,39.0
2025-10-09,16:51:04,25.8,38.9
2025-10-09,16:51:06,25.8,38.8
2025-10-09,16:51:08,25.8,38.7
2025-10-09,16:51:10,25.8,38.6
2025-10-09,16:51:12,25.8,38.6
2025-10-09,16:51:14,25.8,38.5
2025-10-09,16:51:16,25.8,38.5
2025-10-09,16:51:18,25.8,38.5
2025-10-09,16:51:20,25.8,38.5
2025-10-09,16:51:22,25.8,38.5
2025-10-09,16:51:24,25.8,38.5
2025-10-09,16:51:26,25.8,38.5
2025-10-09,16:51:28,25.8,38.4
2025-10-09,16:51:30,25.8,38.4
2025-10-09,16:51:32,25.8,38.4
2025-10-09,16:51:34,25.8,38.3
2025-10-09,16:51:36,25.8,38.2
2025-10-09,16:51:38,25.8,38.2
2025-10-09,16:51:40,25.8,38.2
2025-10-09,16:51:42,25.8,38.1
2025-10-09,16:51:44,25.8,38.2
2025-10-09,16:51:46,25.8,38.2
2025-10-09,16:51:48,25.8,38.3
2025-10-09,16:51:50,25.8,38.3
2025-10-09,16:51:52,25.8,38.4
2025-10-09,16:51:54,25.8,38.4
2025-10-09,16:51:56,25.8,38.4
2025-10-09,16:51:58,25.8,38.5
2025-10-09,16:52:00,25.8,38.4
2025-10-09,16:52:02,25.8,38.5
2025-10-09,16:52:04,25.8,38.4
2025-10-09,16:52:06,25.8,38.5
2025-10-09,16:52:08,25.8,38.5
2025-10-09,16:52:10,25.8,38.4
2025-10-09,16:52:12,25.8,38.3
2025-10-09,16:52:14,25.8,38.2
2025-10-09,16:52:16,25.8,38.2
2025-10-09,16:52:18,25.8,38.1
2025-10-09,16:52:20,25.8,38.1
2025-10-09,16:52:22,25.8,38.1
2025-10-09,16:52:24,25.7,38.1
2025-10-09,16:52:26,25.8,38.1
2025-10-09,16:52:28,25.7,38.0
2025-10-09,16:52:30,25.8,38.0
2025-10-09,16:52:32,25.8,38.0
2025-10-09,16:52:34,25.7,38.0
2025-10-09,16:52:36,25.8,38.0
2025-10-09,16:52:38,25.7,37.9
2025-10-09,16:52:40,25.7,38.0
2025-10-09,16:52:42,25.7,37.9
2025-10-09,16:52:44,25.7,38.0
2025-10-09,16:52:46,25.7,38.0
2025-10-09,16:52:48,25.8,38.0
2025-10-09,16:52:50,25.7,38.1
2025-10-09,16:52:52,25.7,38.0
2025-10-09,16:52:54,25.7,38.1
2025-10-09,16:52:56,25.7,38.1
2025-10-09,16:52:58,25.7,38.0
2025-10-09,16:53:00,25.7,38.1
2025-10-09,16:53:02,25.7,38.2
2025-10-09,16:53:04,25.7,38.2
2025-10-09,16:53:06,25.7,38.3
2025-10-09,16:53:08,25.7,38.2
2025-10-09,16:53:10,25.7,38.3
2025-10-09,16:53:12,25.7,38.3
2025-10-09,16:53:14,25.7,38.3
2025-10-09,16:53:16,25.7,38.3
2025-10-09,16:53:18,25.7,38.3
2025-10-09,16:53:20,25.7,38.3
2025-10-09,16:53:22,25.7,38.3
2025-10-09,16:53:24,25.7,38.2
2025-10-09,16:53:26,25.7,38.3
2025-10-09,16:53:28,25.7,38.3
2025-10-09,16:53:30,25.7,38.4
2025-10-09,16:53:32,25.7,38.5
2025-10-09,16:53:34,25.7,38.5
2025-10-09,16:53:36,25.7,38.4
2025-10-09,16:53:38,25.7,38.5
2025-10-09,16:53:40,25.8,38.5
2025-10-09,16:53:42,25.7,38.6
2025-10-09,16:53:44,25.7,38.5
2025-10-09,16:53:46,25.7,38.5
2025-10-09,16:53:48,25.7,38.5
2025-10-09,16:53:50,25.7,38.5
2025-10-09,16:53:52,25.7,38.5
2025-10-09,16:53:54,25.7,38.8
2025-10-09,16:53:56,25.7,38.9
2025-10-09,16:53:58,25.7,39.1
2025-10-09,16:54:00,25.8,39.0
2025-10-09,16:54:02,25.7,39.1
2025-10-09,16:54:04,25.7,39.0
2025-10-09,16:54:06,25.7,39.1
2025-10-09,16:54:08,25.8,39.0
2025-10-09,16:54:10,25.8,39.1
2025-10-09,16:54:12,25.7,39.2
2025-10-09,16:54:14,25.8,39.2
2025-10-09,16:54:16,25.7,39.4
2025-10-09,16:54:18,25.8,39.3
2025-10-09,16:54:20,25.8,39.3
2025-10-09,16:54:22,25.8,39.1
2025-10-09,16:54:24,25.8,39.0
2025-10-09,16:54:26,25.8,38.9
2025-10-09,16:54:28,25.8,38.7
2025-10-09,16:54:30,25.8,38.8
2025-10-09,16:54:32,25.8,38.7
2025-10-09,16:54:34,25.8,38.6
2025-10-09,16:54:36,25.8,38.6
2025-10-09,16:54:38,25.8,38.5
2025-10-09,16:54:40,25.8,38.5
2025-10-09,16:54:42,25.8,38.4
2025-10-09,16:54:44,25.8,38.3
2025-10-09,16:54:46,25.8,38.4
2025-10-09,16:54:48,25.8,38.3
2025-10-09,16:54:50,25.8,38.2
2025-10-09,16:54:52,25.8,38.3
2025-10-09,16:54:54,25.8,38.2
2025-10-09,16:54:56,25.8,38.2
2025-10-09,16:54:58,25.8,38.3
2025-10-09,16:55:00,25.8,38.3
2025-10-09,16:55:02,25.8,38.2
2025-10-09,17:11:11,26.1,39.2
2025-10-09,17:11:13,26.1,39.2
2025-10-09,17:11:15,26.1,39.3
2025-10-09,17:11:17,26.1,39.3
2025-10-09,17:11:19,26.1,39.2
2025-10-09,17:11:21,26.1,39.2
2025-10-09,17:11:23,26.1,39.1
2025-10-09,17:11:25,26.1,39.0
2025-10-09,17:11:27,26.1,39.0
2025-10-09,17:11:29,26.1,38.9
2025-10-09,17:11:31,26.1,39.0
2025-10-09,17:11:33,26.1,38.8
2025-10-09,17:11:35,26.1,38.8
2025-10-09,17:11:37,26.1,38.7
2025-10-09,17:11:39,26.1,38.8
2025-10-09,17:11:41,26.1,38.7
2025-10-09,17:11:43,26.1,38.7
2025-10-09,17:11:45,26.1,38.7
2025-10-09,17:11:47,26.1,39.6
2025-10-09,17:11:49,26.1,44.5
2025-10-09,17:11:51,26.1,49.4
2025-10-09,17:11:53,26.1,49.7
2025-10-09,17:11:55,26.1,48.1
2025-10-09,17:11:57,26.1,46.4
2025-10-09,17:11:59,26.1,44.9
2025-10-09,17:12:01,26.1,43.8
2025-10-09,17:12:03,26.1,43.1
2025-10-09,17:12:05,26.1,42.4
2025-10-09,17:12:08,26.1,42.0
2025-10-09,17:12:10,26.1,41.4
2025-10-09,17:12:12,26.1,41.0
2025-10-09,17:12:14,26.1,40.6
2025-10-09,17:12:16,26.1,40.4
2025-10-09,17:12:18,26.1,40.1
2025-10-09,17:12:20,26.1,39.9
2025-10-09,17:12:22,26.1,39.7
2025-10-09,17:12:24,26.2,39.4
2025-10-09,17:12:26,26.2,39.3
2025-10-09,17:12:28,26.1,39.2
2025-10-09,17:12:30,26.1,39.1
2025-10-09,17:12:32,26.1,39.0
2025-10-09,17:12:34,26.1,39.0
2025-10-09,17:12:36,26.1,39.0
2025-10-09,17:12:38,26.1,39.1
2025-10-09,17:12:40,26.2,39.1
2025-10-09,17:12:42,26.1,39.0
2025-10-09,17:20:01,26.0,37.9
2025-10-09,17:20:01,26.0,37.9
2025-10-09,17:20:02,26.0,38.1
2025-10-09,17:20:03,26.0,38.3
2025-10-09,17:20:04,26.0,38.5
2025-10-09,17:20:06,26.0,38.6
2025-10-09,17:20:08,26.0,38.9
2025-10-09,17:20:10,26.0,39.1
2025-10-09,17:20:12,26.0,39.2
2025-10-09,17:20:14,26.0,39.1
2025-10-09,17:20:16,26.0,39.0
2025-10-09,17:20:18,26.0,38.8
2025-10-09,17:20:20,26.0,38.7
2025-10-09,17:20:22,26.0,38.6
2025-10-09,17:20:24,26.0,38.5
2025-10-09,17:20:26,26.0,38.5
2025-10-09,17:20:28,26.0,38.5
2025-10-09,17:20:30,26.0,38.5
2025-10-09,17:20:32,26.0,38.5
2025-10-09,17:20:34,26.0,38.5
2025-10-09,17:20:36,26.0,38.6
2025-10-09,17:20:38,26.1,38.5
2025-10-09,17:20:40,26.0,38.6
2025-10-09,17:20:42,26.0,38.5
2025-10-09,17:20:44,26.0,38.5
2025-10-09,17:20:46,26.0,38.6
2025-10-09,18:01:55,25.8,41.4
2025-10-09,18:01:57,25.8,41.3
2025-10-09,18:01:59,25.8,41.2
2025-10-09,18:02:01,25.8,41.1
2025-10-09,18:02:03,25.8,41.1
2025-10-09,18:02:05,25.8,41.1
2025-10-09,18:02:07,25.8,41.1
2025-10-09,18:02:09,25.8,41.1
2025-10-09,18:02:11,25.8,41.1
2025-10-09,18:02:13,25.8,41.1
2025-10-09,18:02:15,25.8,41.1
2025-10-09,18:02:17,25.9,41.2
2025-10-09,18:02:19,25.9,41.2
2025-10-09,18:02:21,25.8,41.2
2025-10-09,18:02:23,25.8,41.3
2025-10-09,18:02:25,25.9,41.2
2025-10-09,18:02:27,25.9,41.3
2025-10-09,18:02:29,25.9,41.2
2025-10-09,18:02:31,25.9,41.2
2025-10-09,18:02:33,25.9,41.3
2025-10-09,18:02:35,25.9,41.3
2025-10-09,18:02:37,25.9,41.3
2025-10-09,18:02:39,25.9,41.3
2025-10-09,18:02:41,25.9,41.3
2025-10-09,18:02:43,25.9,41.3
2025-10-09,18:02:45,25.9,41.5
2025-10-09,18:02:47,25.9,41.6
2025-10-09,18:02:49,25.9,41.7
2025-10-09,18:02:51,25.9,41.8
2025-10-09,18:02:53,25.9,42.0
2025-10-09,18:02:55,25.9,42.0
2025-10-09,18:02:57,25.9,42.0
2025-10-09,18:02:59,25.9,42.0
2025-10-09,18:03:01,25.9,41.9
2025-10-09,18:03:03,25.9,41.9
2025-10-09,18:03:05,25.9,41.8
2025-10-09,18:03:07,25.9,41.6
2025-10-09,18:03:09,25.9,41.6
2025-10-09,18:03:11,25.9,41.5
2025-10-09,18:03:13,25.9,41.4
2025-10-09,18:03:15,25.9,41.4
2025-10-09,18:03:17,25.9,41.3
2025-10-09,18:03:19,25.9,41.5
2025-10-09,18:03:21,25.9,41.4
2025-10-09,18:03:23,25.9,41.4
2025-10-09,18:03:25,25.9,41.5
2025-10-09,18:03:27,25.9,41.4
2025-10-09,18:03:29,25.9,41.4
2025-10-09,18:03:32,25.9,41.4
2025-10-09,18:29:49,26.0,41.4
2025-10-09,18:29:51,26.0,41.4
2025-10-09,18:29:53,26.0,41.4
2025-10-09,18:29:55,26.0,41.4
2025-10-09,18:29:57,26.0,41.5
2025-10-09,18:29:59,26.0,41.5
2025-10-09,18:30:01,26.1,41.6
2025-10-09,18:30:03,26.0,41.5
2025-10-09,18:30:05,26.0,41.5
2025-10-09,18:30:07,26.1,41.4
2025-10-09,18:30:09,26.0,41.4
2025-10-09,18:30:11,26.0,41.4
2025-10-09,18:30:13,26.0,41.4
2025-10-09,18:30:15,26.1,41.4
2025-10-09,18:30:17,26.0,41.5
2025-10-09,18:30:19,26.0,41.5
2025-10-09,18:30:21,26.0,41.6
2025-10-09,18:30:23,26.0,41.6
2025-10-09,18:30:25,26.0,41.6
2025-10-09,18:30:27,26.0,41.5
2025-10-09,18:30:29,26.0,41.4
2025-10-09,18:30:31,26.0,41.4
2025-10-09,18:30:33,26.0,41.4
2025-10-09,18:30:35,26.0,41.4
2025-10-09,18:30:37,26.0,41.3
2025-10-09,18:30:39,26.0,41.3
2025-10-09,18:30:41,26.0,41.4
2025-10-09,18:30:43,26.0,41.4
2025-10-09,18:30:45,26.0,41.3
2025-10-09,18:30:47,26.0,41.4
2025-10-09,18:30:49,26.0,41.4
2025-10-09,18:30:51,26.0,41.4
2025-10-09,18:30:53,26.0,41.3
2025-10-09,18:30:55,26.0,41.3
2025-10-09,18:30:57,26.0,41.3
2025-10-09,18:30:59,26.0,41.3
2025-10-09,18:31:01,26.0,41.3
2025-10-09,18:31:03,26.0,41.6
2025-10-09,18:31:05,26.0,42.0
2025-10-09,18:31:07,26.0,42.2
2025-10-09,18:31:09,26.0,42.4
2025-10-09,18:31:11,26.0,42.4
2025-10-09,18:31:13,26.0,42.4
2025-10-09,18:31:15,26.0,42.5
2025-10-09,18:31:17,26.0,42.4
2025-10-09,18:31:19,26.0,42.5
2025-10-09,18:31:21,26.0,42.5
2025-10-09,18:31:23,26.0,42.6
2025-10-09,18:31:25,26.0,42.7
2025-10-09,18:31:27,26.0,42.6
2025-10-09,18:31:29,26.0,42.6
2025-10-09,18:31:31,26.0,42.6
2025-10-09,18:31:33,26.0,42.6
2025-10-09,18:31:35,26.0,42.6
2025-10-09,18:31:37,26.0,42.5
2025-10-09,18:31:40,26.0,42.5
2025-10-09,19:24:56,25.1,43.3
2025-10-09,19:24:58,25.1,43.3
2025-10-09,19:25:00,25.1,43.4
2025-10-09,19:25:02,25.1,43.5
2025-10-09,19:25:04,25.1,43.5
2025-10-09,19:25:06,25.1,43.4
2025-10-09,19:25:08,25.1,43.4
2025-10-09,19:25:10,25.1,43.4
2025-10-09,19:25:12,25.1,43.4
2025-10-09,19:25:14,25.1,43.4
2025-10-09,19:25:16,25.1,43.4
2025-10-09,19:25:18,25.1,43.4
2025-10-09,19:25:20,25.1,43.4
2025-10-09,19:25:22,25.1,43.4
2025-10-09,19:25:24,25.1,43.4
2025-10-09,19:25:26,25.1,43.4
2025-10-09,19:25:28,25.1,43.4
2025-10-09,19:25:30,25.1,43.4
2025-10-09,19:25:32,25.1,43.4
2025-10-09,19:25:34,25.1,43.4
2025-10-09,19:25:36,25.1,43.4
2025-10-09,19:25:38,25.1,43.4
2025-10-09,19:25:40,25.1,43.4
2025-10-09,19:25:42,25.1,43.4
2025-10-09,19:25:44,25.1,43.4
2025-10-09,19:25:46,25.1,43.3
2025-10-09,19:25:48,25.1,43.3
2025-10-09,19:25:50,25.1,43.3
2025-10-09,19:25:52,25.1,43.3
2025-10-09,19:25:54,25.1,43.3
2025-10-09,19:25:56,25.1,43.3
2025-10-09,19:25:58,25.1,43.4
2025-10-09,19:26:00,25.1,43.4
2025-10-09,19:26:02,25.1,43.4
2025-10-09,19:26:04,25.1,43.4
2025-10-09,19:26:06,25.1,43.3
2025-10-09,19:26:08,25.1,43.3
2025-10-09,19:26:10,25.1,43.3
2025-10-09,19:26:12,25.1,43.3
2025-10-09,19:26:15,25.1,43.2
2025-10-09,19:26:54,25.1,44.3
2025-10-09,19:46:51,24.7,46.0
2025-10-09,19:46:53,24.8,46.0
2025-10-09,19:46:55,24.8,46.0
2025-10-09,19:46:57,24.8,46.0
2025-10-09,19:47:00,24.8,46.0
2025-10-09,19:47:02,24.8,46.0
2025-10-09,19:47:03,24.8,46.1
2025-10-09,19:47:05,24.8,46.1
2025-10-09,19:47:07,24.8,46.1
2025-10-09,19:47:09,24.8,46.0
2025-10-09,19:47:11,24.8,46.0
2025-10-09,19:47:13,24.8,45.9
2025-10-09,19:47:15,24.8,45.9
2025-10-09,19:47:17,24.8,45.9
2025-10-09,19:47:19,24.8,45.8
2025-10-09,19:47:21,24.8,45.8
2025-10-09,19:47:23,24.8,45.8
2025-10-09,19:47:25,24.8,45.8
2025-10-09,19:47:27,24.8,45.7
2025-10-09,19:47:29,24.8,45.8
2025-10-09,19:47:31,24.8,45.7
2025-10-09,19:47:33,24.8,45.7
2025-10-09,19:47:35,24.8,45.7
2025-10-09,19:47:37,24.8,45.7
2025-10-09,19:47:39,24.8,45.7
2025-10-09,19:47:41,24.8,45.8
2025-10-09,19:47:44,24.8,45.8
2025-10-09,19:47:46,24.9,45.8
2025-10-09,19:47:48,24.9,45.7
2025-10-09,19:47:50,24.8,45.7
2025-10-09,19:47:52,24.8,45.7
2025-10-09,19:47:54,24.9,45.7
2025-10-09,19:47:56,24.8,45.7
2025-10-09,19:47:58,24.8,45.6
2025-10-09,19:48:00,24.9,45.6
2025-10-09,19:48:02,24.8,45.7
2025-10-09,19:48:04,24.8,45.7
2025-10-09,19:48:06,24.8,45.7
2025-10-09,19:48:08,24.8,45.6
2025-10-09,19:48:10,24.9,45.7
2025-10-09,19:48:12,24.9,45.7
2025-10-09,19:48:14,24.9,45.6
2025-10-09,19:48:16,24.9,45.6
2025-10-09,19:48:18,24.9,45.6
2025-10-09,19:48:20,24.8,45.6
2025-10-09,19:48:22,24.8,45.6
2025-10-09,19:48:24,24.9,45.6
2025-10-09,19:48:26,24.9,45.7
2025-10-09,19:48:28,24.8,45.7
2025-10-09,19:48:30,24.8,45.7
2025-10-09,19:48:32,24.9,45.8
2025-10-09,19:48:34,24.9,45.9
2025-10-09,19:48:36,24.9,45.9
2025-10-09,19:48:38,24.9,46.0
2025-10-09,19:48:40,24.9,45.9
2025-10-09,19:55:04,25.0,46.9
2025-10-09,19:55:06,25.0,46.9
2025-10-09,19:55:08,25.0,47.0
2025-10-09,19:55:10,25.0,47.0
2025-10-09,19:55:12,25.0,47.0
2025-10-09,19:55:14,25.0,47.0
2025-10-09,19:55:16,25.0,47.0
2025-10-09,19:55:18,25.0,47.0
2025-10-09,19:55:20,25.0,47.0
2025-10-09,19:55:22,25.0,47.0
2025-10-09,19:55:24,25.0,47.0
2025-10-09,19:55:26,25.0,47.0
2025-10-09,19:55:28,25.0,46.9
2025-10-09,19:55:30,25.0,46.9
2025-10-09,19:55:32,25.0,46.9
2025-10-09,19:55:34,25.0,46.9
2025-10-09,19:55:36,25.0,46.9
2025-10-09,19:55:38,25.0,46.9
2025-10-09,19:55:40,25.0,46.9
2025-10-09,19:55:42,25.0,46.9
2025-10-09,19:55:44,25.0,46.9
2025-10-09,19:55:46,25.0,46.9
2025-10-09,19:55:48,25.0,46.9
2025-10-09,19:55:50,25.0,46.8
2025-10-09,19:55:52,25.0,46.8
2025-10-09,19:55:54,25.0,46.8
2025-10-09,19:55:56,25.1,46.8
2025-10-09,19:55:58,25.0,46.7
2025-10-09,19:56:00,25.1,46.7
2025-10-09,19:56:02,25.1,46.7
2025-10-09,19:56:04,25.1,46.6
2025-10-09,19:56:06,25.1,46.6
2025-10-09,19:56:08,25.1,46.5
2025-10-09,19:56:10,25.1,46.5
2025-10-09,19:56:12,25.1,46.5
2025-10-09,19:56:14,25.1,46.4
2025-10-09,19:56:16,25.1,46.4
2025-10-09,19:56:18,25.1,46.3
2025-10-09,19:56:20,25.1,46.3
2025-10-09,19:56:22,25.1,46.3
2025-10-09,19:56:24,25.1,46.3
